email;password
1642426722757@test.test;TesenaBootcamp
1642426736435@test.test;TesenaBootcamp
1642426807501@test.test;TesenaBootcamp
1643456433922@test.test;TesenaBootcamp
1643456465071@test.test;TesenaBootcamp
abc@test.test;TesenaBootcamp
1643459966695@test.test;TesenaBootcamp
1643460047357@test.test;TesenaBootcamp
1643544355179@test.test;TesenaBootcamp
1643544497120@test.test;TesenaBootcamp
1643544608677@test.test;TesenaBootcamp
1643544910179@test.test;TesenaBootcamp
1644279243853@test.test;TesenaBootcamp
1644280361119@test.test;TesenaBootcamp
1644280549388@test.test;TesenaBootcamp
1644282371120@test.test;TesenaBootcamp
1644283217108@test.test;TesenaBootcamp
1644283406674@test.test;TesenaBootcamp
1644283477845@test.test;TesenaBootcamp
1644438561759@test.test;TesenaBootcamp
1644438588150@test.test;TesenaBootcamp
